id,price,name
548298,6119.00,Портативный SSD Kingston XS1000 Portable 2000GB USB 3.2 Gen 2 (SXS1000/2000G)
597427,2859.00,SSD Накопитель Kingston M.2 1TB PCIe 4.0 NV3 (SNV3S/1000G)
418679,1779.00,"SSD накопитель KINGSTON A400 480GB 2.5"" SATAIII (SA400S37/480G)"
595417,3849.00,Портативный SSD Kingston XS1000 Portable 1000GB USB 3.2 Gen 2 (SXS1000R/1000G)
548297,3849.00,Портативный SSD Kingston XS1000 Portable 1000GB USB 3.2 Gen 2 (SXS1000/1000G)
500739,4639.00,Портативный SSD Kingston XS2000 Portable 1000GB USB 3.2 Gen 2x2 IP55 (SXS2000/1000G)
504648,4399.00,SSD накопитель M.2 Kingston 1TB KC3000 NVMe PCIe 4.0 4x 2280 (SKC3000S/1024G)
419225,2829.00,"SSD накопитель KINGSTON A400 960GB 2.5""SATAIII (SA400S37/960G)"
512173,7990.00,SSD накопитель Synology SNV3410-400G (SNV3410-400G)
437423,2505.00,SSD накопитель SAMSUNG 970 EVO PLUS 250GB M.2 PCIe V-NAND (MZ-V7S250BW)
500741,2989.00,Портативный SSD Kingston XS2000 Portable 500GB USB 3.2 Gen 2x2 IP55 (SXS2000/500G)
502861,2390.00,Портативный SSD Transcend 500GB USB 3.1 Gen 2 Type-C ESD270C (TS500GESD270C)
644230,8894.00,Портативный SSD Samsung 2TB USB 3.2 Gen 2 Type-C T7 Shield (MU-PE2T0R/WW)
436844,4121.00,SSD накопитель SAMSUNG 970 EVO PLUS 1TB M.2 NVMe PCIe (MZ-V7S1T0BW)
550328,5308.00,SSD накопитель SAMSUNG M.2 1TB PCIe 4.0 (NVMe) (MZ-V9P1T0BW)
487292,2571.00,SSD накопитель M.2 Samsung 980 500GB NVMe PCIe Gen 3.0 x4 2280 (MZ-V8V500BW)
511859,749.00,"SSD накопитель APACER SATA 2.5"" 240GB AS340X TLC (AP240GAS340XC-1)"
487876,2209.00,"SSD накопитель SAMSUNG 870 EVO 250GB 2.5"" SATA V-NAND (MZ-77E250BW)"
550333,8209.00,SSD накопитель SAMSUNG M.2 2TB PCIe 4.0 (NVMe) (MZ-V9P2T0BW)
500740,7519.00,Портативный SSD Kingston XS2000 Portable 2000GB USB 3.2 Gen 2x2 IP55 (SXS2000/2000G)
597425,1872.00,SSD Накопитель Kingston M.2 500GB PCIe 4.0 NV3 (SNV3S/500G)
597428,5759.00,SSD Накопитель Kingston M.2 2TB PCIe 4.0 NV3 (SNV3S/2000G)
301602,4286.00,"SSD накопитель SAMSUNG 870 EVO 1TB 2.5"" SATA V-NAND (MZ-77E1T0BW)"
460003,4689.00,"SSD накопитель KINGSTON KC600 1024GB 2.5"" SATA 3D TLC (SKC600/1024G)"
548298,6119.00,Портативный SSD Kingston XS1000 Portable 2000GB USB 3.2 Gen 2 (SXS1000/2000G)
597427,2859.00,SSD Накопитель Kingston M.2 1TB PCIe 4.0 NV3 (SNV3S/1000G)
418679,1779.00,"SSD накопитель KINGSTON A400 480GB 2.5"" SATAIII (SA400S37/480G)"
595417,3849.00,Портативный SSD Kingston XS1000 Portable 1000GB USB 3.2 Gen 2 (SXS1000R/1000G)
548297,3849.00,Портативный SSD Kingston XS1000 Portable 1000GB USB 3.2 Gen 2 (SXS1000/1000G)
500739,4639.00,Портативный SSD Kingston XS2000 Portable 1000GB USB 3.2 Gen 2x2 IP55 (SXS2000/1000G)
504648,4399.00,SSD накопитель M.2 Kingston 1TB KC3000 NVMe PCIe 4.0 4x 2280 (SKC3000S/1024G)
419225,2829.00,"SSD накопитель KINGSTON A400 960GB 2.5""SATAIII (SA400S37/960G)"
512173,7990.00,SSD накопитель Synology SNV3410-400G (SNV3410-400G)
437423,2505.00,SSD накопитель SAMSUNG 970 EVO PLUS 250GB M.2 PCIe V-NAND (MZ-V7S250BW)
500741,2989.00,Портативный SSD Kingston XS2000 Portable 500GB USB 3.2 Gen 2x2 IP55 (SXS2000/500G)
502861,2390.00,Портативный SSD Transcend 500GB USB 3.1 Gen 2 Type-C ESD270C (TS500GESD270C)
644230,8894.00,Портативный SSD Samsung 2TB USB 3.2 Gen 2 Type-C T7 Shield (MU-PE2T0R/WW)
436844,4121.00,SSD накопитель SAMSUNG 970 EVO PLUS 1TB M.2 NVMe PCIe (MZ-V7S1T0BW)
550328,5308.00,SSD накопитель SAMSUNG M.2 1TB PCIe 4.0 (NVMe) (MZ-V9P1T0BW)
487292,2571.00,SSD накопитель M.2 Samsung 980 500GB NVMe PCIe Gen 3.0 x4 2280 (MZ-V8V500BW)
511859,749.00,"SSD накопитель APACER SATA 2.5"" 240GB AS340X TLC (AP240GAS340XC-1)"
487876,2209.00,"SSD накопитель SAMSUNG 870 EVO 250GB 2.5"" SATA V-NAND (MZ-77E250BW)"
550333,8209.00,SSD накопитель SAMSUNG M.2 2TB PCIe 4.0 (NVMe) (MZ-V9P2T0BW)
500740,7519.00,Портативный SSD Kingston XS2000 Portable 2000GB USB 3.2 Gen 2x2 IP55 (SXS2000/2000G)
597425,1872.00,SSD Накопитель Kingston M.2 500GB PCIe 4.0 NV3 (SNV3S/500G)
597428,5759.00,SSD Накопитель Kingston M.2 2TB PCIe 4.0 NV3 (SNV3S/2000G)
301602,4286.00,"SSD накопитель SAMSUNG 870 EVO 1TB 2.5"" SATA V-NAND (MZ-77E1T0BW)"
460003,4689.00,"SSD накопитель KINGSTON KC600 1024GB 2.5"" SATA 3D TLC (SKC600/1024G)"
489880,12616.00,"SSD накопитель SAMSUNG 870 EVO 2TB 2.5"" SATA V-NAND (MZ-77E2T0BW)"
504649,7379.00,SSD накопитель M.2 Kingston 2TB KC3000 NVMe PCIe 4.0 4x 2280 (SKC3000D/2048G)
550329,5605.00,SSD накопитель SAMSUNG M.2 1TB PCIe 4.0 990pro +радиатор (MZ-V9P1T0CW)
572742,6857.00,Накопитель SSD Samsung M.2 2TB PCIe 4.0 990EVO
647831,14027.00,SSD накопитель Kingston M.2 2TB PCIe 5.0 FURY Renegade (SFYR2S/2T0)
416113,1199.00,"SSD накопитель KINGSTON A400 240GB 2.5"" SATAIII (SA400S37/240G)"
455783,1439.00,"SSD накопитель KINGSTON KC600 256GB 2.5"" SATAIII 3D NAND TLC (SKC600/256G)"
515134,822.00,"SSD накопитель APACER SATA 2.5"" 256GB AS350X TLC (AP256GAS350XR-1)"
469160,7999.00,Портативный SSD накопитель Samsung USB Type-C 2TB T7 Indigo Blue (MU-PC2T0H/WW)
644231,12989.00,SSD накопитель Samsung M.2 4TB PCIe 4.0 990EVO PLUS (MZ-V9S4T0BW)
528131,8119.00,Накопитель SSD Kingston M.2 2TB PCIe 4.0 Fury Renegade + радиатор
559226,21150.00,Портативный SSD Samsung 4TB USB 3.2 Gen 2 Type-C Shield T9 Black (MU-PG4T0B/EU)
488389,4418.00,SSD накопитель Samsung M.2 NVMe PCIe 3.0 4x 1TB 980 (MZ-V8V1T0BW)
595418,6119.00,Портативный SSD Kingston XS1000 Portable 2000GB USB 3.2 Gen 2 (SXS1000R/2000G)
610920,15527.00,SSD накопитель SAMSUNG M.2 4TB PCIe 4.0 990PRO + радиатор (MZ-V9P4T0GW)
629562,4071.00,Накопитель SSD SAMSUNG M.2 1TB PCIe 4.0 990EVO PLUS (MZ-V9S1T0BW)
471091,889.00,SSD накопитель Apacer M.2 256GB AS2280P4 NVMe PCIe 3.0 x4 2280 3D TLC (AP256GAS2280P4-1)
473201,7599.00,SSD накопитель Samsung 2TB USB 3.2 Gen 2 T7 Red (MU-PC2T0R/WW)
530477,16160.00,Портативный SSD SanDisk 4TB USB 3.2 Gen 2 Type-C E61 R1050/W1000MB/s IP55 (SDSSDE61-4T00-G25)
647830,8738.00,SSD накопитель Kingston M.2 1TB PCIe 5.0 FURY Renegade (SFYR2S/1T0)
471101,4286.00,"SSD накопитель SAMSUNG 870 QVO 1TB 2.5"" SATA V5 (9X Layer) QLC (MZ-77Q1T0BW)"
528115,5079.00,Накопитель SSD Kingston M.2 1TB PCIe 4.0 Fury Renegade + радиатор
546525,12876.00,"SSD накопитель Lenovo ThinkSystem 2.5"" S4520 960GB Read Intensive SATA 6Gb HS SSD (4XB7A17102)"
585676,5399.00,Портативный SSD накопитель SanDisk 1TB USB 3.2 Gen 2 Type-C E61 R1050/W1000MB/s IP65 Monterey (SDSSDE61-1T00-G25M)
626441,4840.00,Портативный SSD Transcend 1TB USB 3.2 Gen 2x2 Type-C ESD410C
481537,8499.00,Портативный SSD SanDisk 2TB Extreme V2 E61 Type-C (SDSSDE61-2T00-G25)
515808,13449.00,Портативный SSD Kingston XS2000 Portable 4000GB USB 3.2 Gen 2x2 IP55 (SXS2000/4000G)
542196,11643.00,"SSD накопитель LENOVO ThinkSystem 2.5"" Multi Vendor 960GB Entry SATA 6Gb Hot Swap SSD (4XB7A38273)"
558231,3462.00,"SSD накопитель SAMSUNG 2.5"" 500GB SATA 870EVO (MZ-77E500B/EU)"
469158,4999.00,Портативный SSD накопитель Samsung USB Type-C 1TB T7 Indigo Blue (MU-PC1T0H/WW)
469159,5350.00,Портативный SSD накопитель Samsung USB Type-C 1TB T7 Titan Gray (MU-PC1T0T/WW)
469161,7999.00,Портативный SSD накопитель Samsung USB Type-C 2TB T7 Titan Gray (MU-PC2T0T/WW)
487338,2571.00,SSD накопитель M.2 Samsung 980 250GB NVMe PCIe Gen 3.0 x4 2280 (MZ-V8V250BW)
504647,7339.00,SSD накопитель M.2 Kingston 2TB Fury Renegade NVMe PCIe 4.0 4x 2280 (SFYRD/2000G)
543275,7437.00,"SSD накопитель KINGSTON 2.5"" 960GB SATA DC600M (SEDC600M/960G)"
559220,9299.00,Портативный SSD Samsung 2TB USB 3.2 Gen 2 Type-C Shield T7 Blue (MU-PE2T0R/EU)
559221,6599.00,Портативный SSD Samsung 2TB T5 EVO USB-C 3.0 Shield T5 Black (MU-PH2T0S/EU)
559222,18740.00,Портативный SSD Samsung 4TB T5 EVO USB-C 3.0 Shield T5 Black (MU-PH4T0S/EU)
559223,28670.00,Портативный SSD Samsung 8TB T5 EVO USB-C 3.0 Shield T5 Black (MU-PH8T0S/EU)
559224,6710.00,Портативный SSD Samsung 1TB USB 3.2 Gen 2 Type-C T9 Black (MU-PG1T0B/EU)
571426,16286.00,SSD накопитель Samsung M.2 4TB PCIe 4.0 990PRO+радиатор
610833,15396.00,SSD накопитель SAMSUNG M.2 4TB PCIe 4.0 990PRO (MZ-V9P4T0BW)
617880,17800.00,Портативный SSD Samsung 4TB USB 3.2 Gen 2 Type-C T7 Shield
513803,14149.00,SSD накопитель Kingston M.2 NVMe PCIe 4.0 4x 4TB Fury Renegade 2280 (SFYRD/4000G)
504646,4449.00,SSD накопитель M.2 Kingston 1TB Fury Renegade NVMe PCIe 4.0 4x 2280 (SFYRS/1000G)
523879,12328.00,SSD накопитель HPE SSD 480GB 2.5inch SATA RI BC MV (P40497-B21)
585382,1592.00,SSD накопитель Apacer M.2 512GB PCIe 3.0 P4X (AP512GAS2280P4X-1)
597429,8849.00,SSD Накопитель Kingston M.2 960GB PCIe 4.0 DC2000B (SEDC2000BM8/960G)
647832,26674.00,SSD накопитель Kingston M.2 4TB PCIe 5.0 FURY Renegade (SFYR2S/4T0)
502518,2478.00,"SSD накопитель Apacer SATA 2.5"" 1TB AS350X TLC (AP1TBAS350XR-1)"
502521,1370.00,"SSD накопитель Apacer SATA 2.5"" 512GB AS350X TLC (AP512GAS350XR-1)"
528144,14889.00,Накопитель SSD Kingston M.2 4TB PCIe 4.0 Fury Renegade + радиатор
537286,14611.00,Накопитель SSD Synology M.2 800GB PCIe
599623,11819.00,SSD Накопитель Kingston M.2 TB PCIe 4.0 NV3 (SNV3S/000G)
462208,928.00,SSD накопитель PATRIOT P300 256GB M.2 NVMe PCIe 3.0 x4 2280 (P300P256GM28)
485140,7250.00,Портативный SSD SanDisk 1TB Extreme Pro E81 Type-C (SDSSDE81-1T00-G25)
513802,14439.00,SSD накопитель Kingston M.2 NVMe PCIe 4.0 4x 4TB KC3000 2280 (SKC3000D/4096G)
632819,5621.00,Накопитель SSD APACER M.2 2TB PCIe 3.0 P4U (AP2TBAS2280P4U-1)
543273,0.00,"SSD накопитель KINGSTON 2.5"" 480GB SATA DC600M (SEDC600M/480G)"
487877,0.00,"SSD накопитель SAMSUNG 870 EVO 500GB 2.5"" SATA V-NAND (MZ-77E500BW)"
543272,0.00,"SSD накопитель KINGSTON 2.5"" 1.9TB SATA DC600M (SEDC600M/1920G)"
544403,0.00,"SSD накопитель KINGSTON 2.5"" 7.68TB SATA DC600M (SEDC600M/7680G)"
550326,0.00,"SSD накопитель SAMSUNG 2TB SATA V-NAND 2.5"" 3bit MLC 870 EVO (MZ-77E2T0B/EU)"
455785,2679.00,"SSD накопитель KINGSTON KC600 512GB 2.5"" SATAIII 3D NAND TLC (SKC600/512G)"
632832,5700.00,Накопитель SSD APACER M.2 2TB PCIe 4.0 Q4L (AP2TBAS2280Q4L-1)
504650,2699.00,SSD накопитель M.2 Kingston 512GB KC3000 NVMe PCIe 4.0 4x 2280 (SKC3000S/512G)
515821,3820.00,Портативный SSD Transcend 1TB USB 3.1 Gen 2 Type-C ESD270C (TS1TESD270C)
626460,7500.00,Портативный SSD Transcend 2TB USB 3.2 Gen 2x2 Type-C ESD360C Серый
475032,27824.00,"SSD накопитель SAMSUNG 870 QVO 8TB 2.5"" SATA V5 (9X Layer) QLC (MZ-77Q8T0BW)"
549290,4343.00,Портативный SSD Transcend 1TB USB 3.1 Gen 2 Type-C ESD300 Silver (TS1TESD300S)
481536,5380.00,Портативный SSD SanDisk 1TB Extreme V2 E61 Type-C (SDSSDE61-1T00-G25)
569824,20641.00,SSD накопитель LENOVO 1.92TB SATA 2.5/5400 PRO (4XB7A82261)
633076,2600.00,Накопитель SSD APACER M.2 1TB PCIe 4.0 Q4L (AP1TBAS2280Q4L-1)
543998,24129.00,"Накопитель SSD Kingston 2.5"" 3.84TB SATA DC600M (SEDC600M/3840G)"
549095,6809.00,Портативный SSD Samsung 1TB USB 3.2 Gen 2 1050 MB/s Beige T7 (MU-PE1T0K/EU)
552855,5900.00,Портативный SSD Transcend 2TB USB 3.1 Gen 2 Type-C ESD270C
450460,1001.00,"SSD накопитель GIGABYTE 240GB 2.5"" SATA TLC (GP-GSTFS31240GNTD)"
468248,1543.00,"SSD накопитель GIGABYTE 480GB 2.5"" SATA TLC (GP-GSTFS31480GNTD)"
487320,12200.00,Портативный SSD SanDisk 2TB Extreme Pro E81 Type-C (SDSSDE81-2T00-G25)
502856,1500.00,Портативный SSD Transcend 250GB USB 3.1 Gen 2 Type-C ESD270C (TS250GESD270C)
524382,4759.00,Портативный SSD Transcend 1TB USB 3.1 Gen 2 Type-C ESD260C (TS1TESD260C)
524390,2818.00,Портативный SSD Transcend 500GB USB 3.1 Gen 2 Type-C ESD260C (TS500GESD260C)
544408,6219.00,Портативный SSD M.2 ASUS TUF GAMING AS1000/BLK/G/AS USB-C 3.2 Gen 2x1 1TB (90DD02Q0-M09000)
549096,11850.00,Портативный SSD Samsung 2TB USB 3.2 Gen 2 1050 MB/s black T7 (MU-PE2T0S/EU)
549097,18100.00,Портативный SSD Samsung 4TB USB 3.2 Gen 2 1050 MB/s black T7 (MU-PE4T0S/EU)
549287,4343.00,Портативный SSD Transcend 1TB USB 3.1 Gen 2 Type-C ESD300 Blue (TS1TESD300C)
549288,8316.00,Портативный SSD Transcend 2TB USB 3.1 Gen 2 Type-C ESD300 Blue (TS2TESD300C)
549289,2495.00,Портативный SSD Transcend 512GB USB 3.1 Gen 2 Type-C ESD300 Silver (TS512GESD300S)
549291,8547.00,Портативный SSD Transcend 2TB USB 3.1 Gen 2 Type-C ESD300 Silver (TS2TESD300S)
549353,1848.00,Портативный SSD Transcend 256GB USB 3.1 Gen 2 Type-A/C ESD310 Black (TS256GESD310C)
557947,6560.00,Портативный SSD Samsung 1TB USB 3.2 Gen 2 Type-C Shield T7 (MU-PE1T0S/EU)
569902,10499.00,Портативный SSD ASUS TUF GAMING AS2000/BLK/G/AS PCIe NVMe M.2 2230/2242/2260/2280 USB Type-C 3.2 Gen 2x1 2TB
590425,3849.00,Портативный SSD Apacer 1TB USB 3.2 Gen 2x2 Type-C AS723
590443,2800.00,Портативный SSD Apacer 500GB USB 3.2 Gen 2x2 Type-C AS723
590446,7000.00,Портативный SSD Apacer 2TB USB 3.2 Gen 2x2 Type-C AS723
626522,3850.00,Портативный SSD Transcend 1TB USB 3.2 Gen 2x2 Type-C ESD360C Серый
632984,1800.00,Накопитель SSD APACER M.2 512GB PCIe Gen4 x4 Q4L (AP512GAS2280Q4L-1)
524395,0.00,Накопитель SSD Kingston M.2 1TB PCIe 4.0 NV2
525900,0.00,Накопитель SSD WD M.2 1TB PCIe 4.0 Black SN850X
552142,0.00,"SSD накопитель SAMSUNG 2.5"" 1TB SATA 870EVO (MZ-77E1T0B/EU)"
459972,0.00,"SSD накопитель KINGSTON KC600 2048GB 2.5"" SATA 3D TLC (SKC600/2048G)"
462219,0.00,SSD накопитель Kingston DC1000B 240GB M.2 NVMe PCIe 3.0 4x 2280 (SEDC1000BM8/240G)
472209,0.00,"SSD накопитель Patriot 2.5"" 512GB SATA TLC P210"
558232,0.00,SSD накопитель SAMSUNG M.2 2TB PCIe 4.0 990PRO (MZ-V9P2T0CW)
572116,0.00,SSD накопитель ADATA M.2 256GB PCIe 3.0 XPG LEGEND 710 (ALEG-710-256GCS)
518677,0.00,SSD накопитель PATRIOT PCIe 3.0 M.2 240GB P310 (P310P240GM28)
597426,0.00,SSD Накопитель Kingston M.2 480GB PCIe 4.0 DC2000B (SEDC2000BM8/480G)
407319,0.00,"SSD накопитель CRUCIAL MX500 500GB 2.5"" SATA (CT500MX500SSD1)"
407320,0.00,"SSD накопитель CRUCIAL MX500 1TB 2.5"" SATA (CT1000MX500SSD1)"
435118,0.00,SSD накопитель Transcend MTE110 1TB M.2 PCle 3.0 4x 2280 (TS1TMTE110S)
460067,0.00,"SSD накопитель WD Red 500GB 2.5"" SATA"
476257,0.00,SSD накопитель Team M.2 NVMe PCIe 3.0 x4 256GB MP34 2280 TLC (TM8FP4256G0C101)
484507,0.00,Портативный SSD Transcend 1TB USB 3.1 ESD370C Gen 2 Type-C Navy Blue (TS1TESD370C)
537374,0.00,SSD накопитель WD M.2 2TB PCIe 4.0 Black SN850X (WDS200T2X0E)
538256,0.00,SSD накопитель HPE SSD 960GB 2.5inch SATA RI BC MV
543274,0.00,SSD накопитель WD M.2 4TB PCIe 4.0 Black SN850X (WDS400T2X0E)
550318,0.00,"SSD Накопитель SAMSUNG 250GB SATA V-NAND 2.5"" 3bit MLC 870 EVO (MZ-77E250B/EU)"
619550,0.00,SSD накопитель Transcend M.2 256GB PCIe 3.0 (TS256GMTE672A-I)
445394,0.00,SSD накопитель TRANSCEND 230S 128GB mSATA 3D TLC (TS128GMSA230S)
457781,0.00,Портативный SSD накопитель ADATA USB 3.2 Gen2 Type-C SC680 240GB
468782,0.00,"SSD накопитель Intel 2.5"" S4510 960GB SATA TLC (SSDSC2KB960G801)"
471094,0.00,SSD накопитель Apacer M.2 1TB AS2280P4 NVMe PCIe 3.0 x4 2280 3D TLC (AP1TBAS2280P4-1)
476250,0.00,"SSD накопитель Team 2.5"" SATA 480GB CX1 TLC (T253X5480G0C101)"
481535,0.00,Портативный SSD SanDisk 500GB Extreme V2 E61 Type-C (SDSSDE61-500G-G25)
488733,0.00,SSD накопитель mSATA Kingston SKC600 256GB 3D TLC
489083,0.00,Твердотельный накопитель SSD ADATA M.2 NVMe PCIe 3.0 x4 1TB 2280 SPECTRIX RGB
489086,0.00,SSD накопитель SAMSUNG 980 PRO 2TB M.2 NVMe PCIe 4.0 4x2280 3-bit MLC (MZ-V8P2T0BW)
502516,0.00,"SSD накопитель Apacer SATA 2.5"" 960GB AS340 TLC (AP960GAS340XC-1)"
523880,0.00,SSD накопитель HPE SSD 960GB 2.5inch SATA MU BC MV (P40503-B21)
525012,0.00,SSD накопитель KINGSTON M.2 2TB PCIe 4.0 NV2 (SNV2S/2000G)
530313,0.00,Накопитель SSD Transcend M.2 2TB PCIe 4.0 MTE250S
543410,0.00,"SSD накопитель WD 2.5"" 250GB SATA Blue (WDS250G3B0A)"
544187,0.00,SSD накопитель ADATA M.2 2TB PCIe 4.0 LEGEND 850 Lite (ALEG-850L-2000GCS)
550327,0.00,"SSD накопитель SAMSUNG 4TB SATA V-NAND 2.5"" 3bit MLC 870 EVO (MZ-77E4T0B/EU)"
566262,0.00,SSD накопитель TRANSCEND M.2 256GB PCIe 3.0 MTE400S 2242 (TS256GMTE400S)
571055,0.00,Накопитель SSD Transcend M.2 2TB PCIe 4.0 MTE245S
571375,0.00,SSD накопитель Gigabyte M.2 2TB PCIe 4.0 Aorus
572100,0.00,SSD накопитель ADATA M.2 256GB PCIe 3.0 XPG LEGEND 700 (ALEG-700-256GCS)
572104,0.00,SSD накопитель ADATA M.2 2TB PCIe 4.0 XPG LEGEND 800 (ALEG-800-2000GCS)
572119,0.00,SSD накопитель ADATA M.2 512GB PCIe 3.0 XPG LEGEND 700 (ALEG-700-512GCS)
572121,0.00,SSD накопитель ADATA M.2 2TB PCIe 4.0 XPG GAMMIX S70 BLADE (AGAMMIXS70B-2T-CS)
574767,0.00,SSD накопитель SAMSUNG M.2 1TB PCIe 4.0 990EVO (MZ-V9E1T0BW)
641890,0.00,SSD накопитель Transcend M.2 2242 1TB (TS1TMTS425S)
644227,0.00,Портативный SSD Samsung 2TB USB 3.2 Gen 2 Type-C T7 Shield (MU-PE2T0K/WW)
39369,0.00,SSD накопитель Kingston SSDNow V300 (SV300S37A/60G)
407321,0.00,"SSD накопитель CRUCIAL MX500 250GB 2.5"" SATA (CT250MX500SSD1)"
422442,0.00,SSD накопитель TRANSCEND MTE110 256GB M.2 PCle 3.0 4x 2280 (TS256GMTE110S)
431109,0.00,SSD накопитель TRANSCEND MTE110 512GB M.2 NVMe PCle 3.0 4x 2280 (TS512GMTE110S)
434975,0.00,SSD накопитель ADATA XPG SX6000 Lite 256GB M.2 NVMe PCIe 3.0 x4 2280 3D TLC (ASX6000LNP-256GT-C)
434978,0.00,SSD накопитель ADATA XPG SX6000 Lite 512GB M.2 NVMe PCIe 3.0 x4 2280 3D TLC (ASX6000LNP-512GT-C)
435115,0.00,SSD накопитель ADATA XPG GAMMIX SX6000 Lite 1TB M.2 PCIe 3.0 x4 2280 3D TLC (ASX6000LNP-1TT-C)
436845,0.00,SSD накопитель SAMSUNG 970 EVO PLUS 500GB M.2 NVMe PCIe (MZ-V7S500BW)
443419,0.00,"SSD накопитель KINGSTON DC500R 3840GB 2.5"" SATA 3D TLC (SEDC500R/3840G)"
443420,0.00,"SSD накопитель KINGSTON DC500R 480GB 2.5"" SATA 3D TLC (SEDC500R/480G)"
443438,0.00,"SSD накопитель KINGSTON DC500R 1920GB 2.5"" SATA 3D TLC (SEDC500R/1920G)"
444421,0.00,"SSD накопитель APACER AS340 960GB 2.5"" SATA TLC (AP960GAS340G-1)"
444422,0.00,"SSD накопитель Kingston DC500R 960GB 2.5"" SATA 3D TLC (SEDC500R/960G)"
459991,0.00,"SSD накопитель MICRON Crucial BX500 1TB 2.5"" SATA 3D TLC"
462201,0.00,SSD накопитель Kingston DC1000B 480GB M.2 NVMe PCIe 3.0 4x 2280 (SEDC1000BM8/480G)
462204,0.00,SSD накопитель PATRIOT P300 512GB M.2 NVMe PCIe 3.0 x4 2280 (P300P512GM28)
463361,0.00,SSD накопитель mSATA Transcend 230S 256GB 3D TLC
463515,0.00,"SSD накопитель KINGSTON 266GB KC600 2.5"" SATAIII Bundle (SKC600B/256G)"
463516,0.00,"SSD накопитель KINGSTON 512GB KC600 2.5"" SATAIII Bundle (SKC600B/512G)"
463517,0.00,"SSD накопитель KINGSTON 1024GB KC600 2.5"" SATAIII Bundle (SKC600B/1024G)"
463518,0.00,"SSD накопитель KINGSTON 2048GB KC600 2.5"" SATAIII Bundle (SKC600B/2048G)"
468247,0.00,"SSD накопитель GIGABYTE 256GB 2.5"" SATA TLC (GP-GSTFS31256GTND)"
468251,0.00,SSD накопитель GIGABYTE AORUS RGB 256GB M.2 NVMe (GP-ASM2NE2256GTTDR)
468254,0.00,SSD накопитель GIGABYTE AORUS 512GB M.2 NVMe (GP-ASM2NE2512GTTDR)
468781,0.00,"SSD накопитель Intel 2.5"" S4510 480GB SATA TLC (SSDSC2KB480G801)"
471092,0.00,SSD накопитель Apacer M.2 500GB AS2280Q4 NVMe PCIe 4.0 x4 2280 3D TLC (AP500GAS2280Q4-1)
471093,0.00,SSD накопитель Apacer M.2 512GB AS2280P4 NVMe PCIe 3.0 x4 2280 3D TLC (AP512GAS2280P4-1)
472214,0.00,"SSD накопитель SAMSUNG 870 QVO 2TB 2.5"" SATA V5 (9X Layer) QLC (MZ-77Q2T0BW)"
472215,0.00,"SSD накопитель SAMSUNG 870 QVO 4TB 2.5"" SATA V5 (9X Layer) QLC (MZ-77Q4T0BW)"
475024,0.00,"SSD накопитель Apacer 2.5"" 1TB AS350 SATA TLC (AP1TBAS350-1)"
475027,0.00,"SSD накопитель GIGABYTE 2.5"" 1TB SATA TLC (GP-GSTFS31100TNTD)"
475029,0.00,SSD накопитель GIGABYTE M.2 256GB NVMe PCIe 3.0 4x 2280 (GP-GSM2NE3256GNTD)
475033,0.00,SSD накопитель Synology M.2 400GB NVMe PCIe 3.0 x4 22110 (SNV3500-400G)
475034,0.00,SSD накопитель Synology M.2 400GB NVMe PCIe 3.0 x4 2280 (SNV3400-400G)
476242,0.00,"SSD накопитель Patriot 2.5"" 256GB SATA TLC P210 (P210S256G25)"
477664,0.00,"SSD накопитель INTEL 2.5"" S4610 240GB SATA TLC (SSDSC2KG240G801)"
482210,0.00,Портативный SSD накопитель WD Passport USB 3.0 500GB Silver (WDBAGF5000ASL-WESN)
484506,0.00,Портативный SSD Transcend 500GB USB 3.1 ESD370C Gen 2 Type-C Navy Blue (TS500GESD370C)
486292,0.00,Твердотельный накопитель SSD Kingston M.2 NVMe PCIe 3.0 4x 960GB DC1000B 2280 (SEDC1000BM8/960G)
487326,0.00,"SSD накопитель SAMSUNG 870 EVO 4TB 2.5"" SATA V-NAND 3bit MLC (MZ-77E4T0BW)"
489085,0.00,SSD накопитель SAMSUNG 980 PRO 1TB M.2 NVMe PCIe 4.0 4x2280 3-bit MLC (MZ-V8P1T0BW)
489092,0.00,Твердотельный накопитель SSD Seagate M.2 NVMe PCIe 3.0 x4 256GB 2280 Barracuda 510
490167,0.00,SSD накопитель Gigabyte AIC AORUS 512GB NVMe PCIe 3.0 4x RGB (GP-ASACNE2512GTTDR)
494975,0.00,SSD накопитель WD M.2 NVMe PCIe 3.0 4x 2TB SN750 Black 2280 + HC (WDS200T3XHC)
499272,0.00,SSD накопитель HP 960GB SATA MU SFF SC DS SSD (P09716-B21)
500643,0.00,Твердотельный накопитель SSD U.2 NVMe Kingston DC1500M 960GB Enterprise (SEDC1500M/960G)
500664,0.00,Твердотельный накопитель SSD U.2 NVMe Kingston DC1500M 1920GB Enterprise (SEDC1500M/1920G)
501413,0.00,Твердотельный накопитель SSD U.2 NVMe Kingston DC1500M 3840GB Enterprise (SEDC1500M/3840G)
502584,0.00,"SSD накопитель Lenovo ThinkSystem 2.5"" 5300 960GB Mainstream SATA 6Gb Hot Swap SSD (4XB7A17089)"
504651,0.00,SSD накопитель M.2 Kingston 500GB Fury Renegade NVMe PCIe 4.0 4x 2280 (SFYRS/500G)
504656,0.00,"SSD накопитель APACER SATA 2.5"" 128GB AS350X TLC (AP128GAS350XR-1)"
511936,0.00,SSD накопитель ADATA M.2 NVMe PCIe 4.0 x4 1TB 2280 LEGEND 840 (ALEG-840-1TCS)
515975,0.00,"SSD накопитель WD 500GB 2.5"" SATA TLC (WDS500G3B0A)"
518671,0.00,SSD накопитель PATRIOT PCIe 3.0 M.2 480GB P310 (P310P480GM28)
523878,0.00,SSD накопитель HPE SSD 480GB 2.5inch SATA MU BC MV (P40502-B21)
524378,0.00,Накопитель SSD Kingston M.2 250GB PCIe 4.0 NV2
524392,0.00,Накопитель SSD Kingston M.2 500GB PCIe 4.0 NV2
526162,0.00,SSD накопитель WD M.2 1TB PCIe 4.0 Black SN770 (WDS100T3X0E)
528127,0.00,Накопитель SSD Kingston M.2 500GB PCIe 4.0 Fury Renegade + радиатор
530306,0.00,Накопитель SSD Transcend M.2 1TB PCIe 4.0 MTE250S
530307,0.00,Накопитель SSD Transcend M.2 1TB PCIe 4.0 MTE240S
530311,0.00,Накопитель SSD Transcend M.2 1TB PCIe 4.0 MTE250H
539313,0.00,Накопитель SSD Kingston M.2 4 4TB M.2 2280 NVMe PCIe (SNV2S/4000G)
543409,0.00,"SSD накопитель WD 2.5"" 1TB SATA Blue (WDS100T3B0A)"
544177,0.00,SSD накопитель ADATA M.2 4TB PCIe 4.0 LEGEND 960 MAX (ALEG-960M-4TCS)
544180,0.00,SSD накопитель ADATA M.2 4TB PCIe 4.0 LEGEND 960 (ALEG-960-4TCS)
544188,0.00,SSD накопитель ADATA M.2 1TB PCIe 4.0 LEGEND 850 Lite (ALEG-850L-1000GCS)
544197,0.00,SSD накопитель ADATA M.2 2TB PCIe 4.0 LEGEND 850 (ALEG-850-2TCS)
544198,0.00,SSD накопитель ADATA M.2 2TB PCIe 4.0 LEGEND 960 MAX (ALEG-960M-2TCS)
548933,0.00,"SSD накопитель CRUCIAL 2.5"" 500GB SATA BX500 (CT500BX500SSD1)"
549286,0.00,Портативный SSD Transcend 512GB USB 3.1 Gen 2 Type-C ESD300 Blue (TS512GESD300C)
550330,0.00,SSD накопитель SAMSUNG M.2 1TB PCIe 4.0 (NVMe) (MZ-V9P1T0GW)
550331,0.00,SSD накопитель SAMSUNG M.2 2TB PCIe 4.0 (NVMe) (MZ-V9P2T0GW)
550761,0.00,"SSD Накопитель Netac 2.5""  128GB SATA N600S (NT01N600S-128G-S3X)"
550762,0.00,"SSD Накопитель Netac 2.5""  128GB SATA SA500 (NT01SA500-128-S3X)"
550777,0.00,SSD Накопитель Netac M.2  250GB  PCIe 3.0 NV3000 (NT01NV3000-250-E4X)
557945,0.00,Портативный SSD Samsung 1TB USB 3.2 Gen 2 Type-C Shield Blue T7 (MU-PE1T0R/EU)
557946,0.00,Портативный SSD Samsung 2TB USB 3.2 Gen 2 Type-C Shield T7 (MU-PE2T0K/EU)
559225,0.00,Портативный SSD Samsung 2TB USB 3.2 Gen 2 Type-C T9 Black (MU-PG2T0B/EU)
571053,0.00,Накопитель SSD Transcend M.2 1TB PCIe 4.0 MTE245S
571054,0.00,Накопитель SSD Transcend M.2 4TB PCIe 4.0 MTE245S
571370,0.00,SSD накопитель  Gigabyte M.2  1TB PCIe 3.0 2500E
572094,0.00,SSD накопитель ADATA M.2 2TB PCIe 4.0 XPG LEGEND 800 GOLD (SLEG-800G-2000GCS-S38)
572095,0.00,SSD накопитель ADATA M.2 2TB PCIe 4.0 XPG GAMMIXS60 (AGAMMIXS60-2T-CS)
572097,0.00,SSD накопитель ADATA M.2 512GB PCIe 3.0 XPG LEGEND 710 (ALEG-710-512GCS)
572102,0.00,SSD накопитель ADATA M.2 2TB PCIe 4.0 XPG LEGEND 900 (SLEG-900-2TCS)
572108,0.00,SSD накопитель ADATA M.2 1TB PCIe 4.0 XPG GAMMIXS60 (AGAMMIXS60-1T-CS)
574244,0.00,"SSD Накопитель WD 2.5"" 2TB SATA Red (WDS200T2R0A)"
575253,0.00,"SSD накопитель Synology SATA 2.5"" 1920GB (SAT5220-1920G)"
575254,0.00,"SSD накопитель Synology SATA 2.5"" 3840GB (SAT5220-3840G)"
582291,0.00,"SSD накопитель Patriot 2.5"" 256GB SATA P220"
594583,0.00,SSD накопитель Apacer M.2 1TB PCIe 3.0 P4X (AP1TBAS2280P4X-1)
594723,0.00,"SSD накопитель Synology 2.5"" 960GB SATA (SAT5220-960G)"
611680,0.00,SSD накопитель Transcend M.2 1TB PCIe 4.0 MTE310S 2230 (TS1TMTE310S)
633898,0.00,SSD накопитель SAMSUNG M.2 2TB PCIe 4.0 990EVO PLUS (MZ-V9S2T0BW)
639201,0.00,SSD накопитель TRANSCEND M.2 256GB PCIe 3.0 MTE300S 2230 (TS256GMTE300S)
